LeftHand,RightHand,Support,Confidence,Lift
"('food / 340.0-400.0', 'university / 300.2-350.15')","('housing / 400.401-520.8', 'non-essential / 490.0-619.0')",0.012048192771084338,0.2727272727272727,3.086776859504132
